VERSION,1,,,,,,,,,,,,,,,,,,,,,,,,,,,,,,,,,,,,
0x82,0x82,0x80,0x80,0x80,0x80,0x80,0x80,0x80,0x80,0x80,0x80,0x80,0x80,0x80,0x80,0x80,0x80,0x80,0x80,0x80,0x80,0x80,0x80,0x80,0x80,0x80,0x80,0x80,0x80,0x80,0x80,0x80,0x80,0x80,0x80,0x82,0x82
0x82,0x82,,,,,,,,,,,,,,,,,,,,,,,,,,,,,,,,,,,0x82,0x82
0x82,0x82,,,,,,,,,,,,,,,,,,,,,,,,,,,,,,,,,,,0x82,0x82
0x82,0x82,0x81,0x81,,,,,,,,,,,,,,,,,,,,,,,,,,,,,,,,,0x82,0x82
0x82,0x82,,,,,,,,,,,,,,,,,,,,,,,,,,,,,,,,,0x81,0x81,0x82,0x82
0x82,0x82,,,,,,,,,,,,,0x81,0x81,,,,,,,,,,,,,,,,,,,,,0x82,0x82
0x82,0x82,,,0x81,,,,,,,,,,,,,,,,,,,,,,,,,,,,,,,,0x82,0x82
0x82,0x82,,,,,,,,,,,,,,,,,,,,,0x81,0x81,0x81,0x81,0x81,,,,,,,,,,0x82,0x82
0x82,0x82,,,,,,,,,,,,,,,,,,,,,,,,,,,,,,,,,,,0x82,0x82
0x82,0x82,,,0x81,0x81,0x81,0x81,0x81,,,,,,,,,,,,,,,,,,,,,,,,,0x81,,,0x82,0x82
0x82,0x82,,,,,,,,,,,,,,,,,,,,,,,,,,,,,,,,,,,0x82,0x82
0x82,0x82,,,,,,,,,,0x81,,,,,,,,0x81,,,,,,,,,,,,,,,,,0x82,0x82
0x82,0x82,,,,,,,,,,,,,,,,,,,,,,,,,,,,,,,,,,,0x82,0x82
0x82,0x82,,,,,,,,,,,,,,,,,,,,,,,,,,,,,,,,,,,0x82,0x82
0x82,0x82,,,,,,,,,,,,,0x81,0x81,0x81,0x81,0x81,,,,,,,,,,0x81,0x81,0x81,0x81,0x81,,,,0x82,0x82
0x82,0x82,,,,,,,,,,,,,,,,,,,,,,,,,,,,,,,,,,,0x82,0x82
0x82,0x82,,,,,,,,,,,,,,,,,,,,,,,,,,,,,,,,,,,0x82,0x82
0x82,0x82,,,,,,,,,,,,,,,,,,,,,,,,,0x81,,,,,,,,,,0x82,0x82
0x82,0x82,,,,,,,,,,,,,,,,,,,,,,,,,,,,,,,,,,,0x82,0x82
0x82,0x82,,,,,,,,,,,,,,,,,,,,,,,,,,,,,,,,,,,0x82,0x82
0x82,0x82,,,,,0x81,0x81,0x81,0x81,0x81,,,,,,,,,,,,,,,,,,,,,,,,,,0x82,0x82
0x82,0x82,,,,,,,,,,,,,,,,,,,,,,,,,,,,,,,,,,,0x82,0x82
0x82,0x82,,,,,,,,,,,0x81,0x81,,,,,,0x81,0x81,,0x81,0x81,0x81,0x81,0x81,,,,,,,,,,0x82,0x82
0x82,0x82,,,,,,,,,,,,,,,,,,,,,,,,,,,,,,,,,,,0x82,0x82
0x82,0x82,,,,,,,,,,,,,,,,,,,,,,,,,,,0x81,,,,,,,,0x82,0x82
0x82,0x82,,,,,,,,,,,,,,,,,,,,,,,,,,,,,,,,,,,0x82,0x82
0x82,0x82,,,,,,,,,,,,,,,,,,,,,,,,,,,,,,,,,,,0x82,0x82
0x82,0x82,,,,,,,,,,0x81,,0x81,0x81,0x81,0x81,0x81,,,,,,,,,,,,,0x81,0x81,0x81,0x81,0x81,,0x82,0x82
0x82,0x82,,,,,,,,,,,,,,,,,,,,,,,,,,,,,,,,,,,0x82,0x82
0x82,0x82,,,,,,,0x81,0x81,,,,,,,,,,,,,,,,,,,0x81,,,,,,,,0x82,0x82
0x82,0x82,,,,,,,,,,,,,,,,,,,,,,,,,,,,,,,,,,,0x82,0x82
0x82,0x82,,,,,,,,,,,,,,,,,,,,,,,,,,,,,,,,,,,0x82,0x82
0x82,0x82,,,,,,,,,,,,,,,,,,,,0x81,0x81,0x81,0x81,0x81,,,,,,,,,,,0x82,0x82
0x82,0x03,,,,0x81,0x81,0x81,0x81,0x81,,,,,,,,,,,,,,,,,,,,,,,,,,,0x82,0x82
0x82,0x03,,,,,,,,,,,,,,,,,,,,,,,,,,,,,,,,,,,0x82,0x82
0x82,0x03,,,,,,,,,,,,,,,,,0x81,0x81,,,,,,,,,,,,,,,,,0x82,0x82
0x82,0x03,,,,,,,,,,0x81,0x81,,,,,,,,,,,,,,,,,,,,,,,,0x82,0x82
0x82,0x03,,,,,,,,,,,,,,,,,,,,,,,,,,,,,,,,,,,0x82,0x82
0x82,0x03,,,,,,,,,,,,,,,,,,,,,,,,,,,,,,,,,,,0x82,0x82
0x82,0x82,0x81,0x81,0x81,0x81,0x81,0x81,0x81,0x81,0x81,0x81,0x81,0x81,0x81,0x81,0x81,0x81,0x81,0x81,0x81,0x81,0x81,0x81,0x81,0x81,0x81,0x81,0x81,0x81,0x81,0x81,0x81,0x81,0x81,0x81,0x82,0x82
0x82,0x82,0x81,0x81,0x81,0x81,0x81,0x81,0x81,0x81,0x81,0x81,0x81,0x81,0x81,0x81,0x81,0x81,0x81,0x81,0x81,0x81,0x81,0x81,0x81,0x81,0x81,0x81,0x81,0x81,0x81,0x81,0x81,0x81,0x81,0x81,0x82,0x82
